﻿{"token": "MTA3Njc1NzUwOTMxMTg0NDM1NA.GdlGN4.yNs8x071AZ7bm91DDan6rbeyFCT6A9nFzkIL9A",
	"guildID": "1051300717803077673",
	"ownerID": "974122187101462528",
	"roleID5": "1074203677050544208",
    "roleID": "1074354178471759893",
    "roleID2": "1074354264522104852",	
"commandroom": "1051300718365122582",
	"versionbot": "Jupiter X DDoS",
        "versionbot1": "BOT SPAM SMS",
	"img": "https://media.discordapp.net/attachments/1043734334462513223/1047163178292887582/1ED44239-60BE-46B0-B1A0-33A661CBE232.jpg?width=665&height=662",
        "photovip11": [""],
	"photovip": ["https://media2.giphy.com/media/mBiXF8LBUMBmaiIrJj/giphy.gif?cid=5e21488601ae79b24c76a3829eb0d2140e77bfb0681ca3af&rid=giphy.gif"],
	"mongodb": "mongodb+srv://HyuXingum:Bumbobi2008!@huyxingum.v5rflcb.mongodb.net/?retryWrites=true&w=majority"
}