﻿{
	"token": "MTA1MTMwMDg3NDA0MDkyMjE2NA.GUk2Ig.Y919SkPI7zIlhHo-EGpSp6f0772hfdYjmLKGpw",
	"guildID": "1051300717803077673",
	"ownerID": "974122187101462528",
	"commandroom": "1051300718365122582",
	"versionbot": "⚡ Testdd v3 ⚡",
	"img": "https://cdn.discordapp.com/attachments/934796401760669769/1014809465305964585/taoanhdep_free_fire_177.jpg",
	"photovip": ["https://cdn.discordapp.com/attachments/1032269044952354817/1033297697647640586/Attack_Vip1.gif", "https://cdn.discordapp.com/attachments/1032269044952354817/1033297698075443220/Attack_Vip2.gif", "https://cdn.discordapp.com/attachments/1032269044952354817/1033297698390036531/Attack_Vip3.gif", "https://cdn.discordapp.com/attachments/1032269044952354817/1033304254875709480/Attack_Vip4.gif", "https://cdn.discordapp.com/attachments/1032269044952354817/1033304254074589204/Attack_Vip5.gif", "https://cdn.discordapp.com/attachments/1032269044952354817/1033304255341285417/Attack_Vip6.gif"],
	"mongodb": "mongodb+srv://HyuXingum:Bumbobi2008!@huyxingum.v5rflcb.mongodb.net/?retryWrites=true&w=majority"
}